Sector,DailyLogReturn
Communication Services,0.0005061730232700429
Consumer Discretionary,0.0008508759759894381
Consumer Staples,0.0005198711160374266
Energy,0.0010725480238149801
Financials,0.0009159119197302905
Health Care,0.0004356131641543513
Industrials,0.0007245734274686654
Information Technology,0.0008442001337683716
Materials,0.0007194474040041476
Real Estate,0.0005711230330454587
Utilities,0.0003906818101349586
