Sector,Volatility
Consumer Discretionary,0.021480233179425698
Information Technology,0.02100226498417429
Energy,0.020713087460902516
Real Estate,0.020363068269103793
Financials,0.01936239098827798
Communication Services,0.01881673376745939
Industrials,0.01798118344403386
Materials,0.016691125242567453
Health Care,0.01510621379969859
Utilities,0.014566712331994297
Consumer Staples,0.012426817165330258
