Sector,DailyLogReturn
Communication Services,0.0005061730133511543
Consumer Discretionary,0.0008508760168711546
Consumer Staples,0.0005196859510361374
Energy,0.0010725479740953917
Financials,0.0009159119437684331
Health Care,0.0004350651455705305
Industrials,0.0007245734069365072
Information Technology,0.0008442001253336894
Materials,0.0007194474040041453
Real Estate,0.0005711230013382904
Utilities,0.00039068177192817935
