Sector,Volatility
Consumer Discretionary,0.02148023443934299
Information Technology,0.021002264844674174
Energy,0.02071308569493747
Real Estate,0.020363066282304904
Financials,0.019362392996135434
Communication Services,0.01881673470581803
Industrials,0.01798118148204879
Materials,0.01669112124459414
Health Care,0.015106215485823088
Utilities,0.014566710844509514
Consumer Staples,0.012426817803725846
